{
	"bmi-installation" : null,
	"compiler-frontend-variant" : "GNU",
	"compiler-id" : "GNU",
	"compiler-simulate-id" : "",
	"config" : "Debug",
	"cxx-modules" : {},
	"database-info" : null,
	"dir-cur-bld" : "/home/ne_otaku/CLionProjects/sec/cmake-build-debug",
	"dir-cur-src" : "/home/ne_otaku/CLionProjects/sec",
	"dir-top-bld" : "/home/ne_otaku/CLionProjects/sec/cmake-build-debug",
	"dir-top-src" : "/home/ne_otaku/CLionProjects/sec",
	"exports" : [],
	"forward-modules-from-target-dirs" : [],
	"include-dirs" : [],
	"language" : "CXX",
	"linked-target-dirs" : [],
	"module-dir" : "/home/ne_otaku/CLionProjects/sec/cmake-build-debug/CMakeFiles/sec.dir",
	"sources" : 
	{
		"CMakeFiles/sec.dir/main.cpp.o" : 
		{
			"language" : "CXX",
			"source" : "/home/ne_otaku/CLionProjects/sec/main.cpp"
		}
	}
}